id,Name,profession
50,Vanessa Joni,developer
51,Kate Latini,developer
52,Valeda Darian,firefighter
53,Estell Llovera,doctor
54,Kerrin Mendez,doctor
55,Roseline Henrie,worker
56,Sindee Riordan,doctor
57,Zia Primalia,firefighter
58,Joane Zeeba,firefighter
59,Loree Iaverne,police officer
60,Dianemarie Ramona,worker
61,Brana Torray,worker
62,Carlie Drisko,firefighter
63,Latisha Montgomery,worker
64,Fernande Darian,firefighter
65,Roslyn Couture,police officer
66,Helena Rustice,police officer
67,Lorne Justinn,developer
68,Sandie Nickola,police officer
69,Carol-Jean Pettiford,police officer
70,Genovera Toor,developer
71,Ketti Alice,developer
72,Elmira Gilmour,police officer
73,Ezmeralda Bach,police officer
74,Kaia Grobe,developer
75,Catharine Gert,doctor
76,Stephanie Chrystel,developer
77,Helsa Hanshaw,doctor
78,Dolli Payson,worker
79,Lilith Pozzy,developer
80,Merci Euridice,police officer
81,Jolyn Andrel,doctor
82,Dorice Avi,police officer
83,Teddie Loeb,developer
84,Alejandra Harriman,firefighter
85,Marcelline Marden,doctor
86,Rosene Eachern,police officer
87,Beatriz Tyson,firefighter
88,Valera Goerke,worker
89,Damaris Rese,worker
90,Britni Parette,police officer
91,Corene Turne,firefighter
92,Leontine Zrike,worker
93,Leia Ax,doctor
94,Cherrita Hashim,developer
95,Deloria Sidonius,doctor
96,Anthia Prober,doctor
97,Lily Ummersen,firefighter
98,Jan Morehouse,firefighter
99,Nanete Dudley,doctor
100,Darlleen Judye,police officer
101,Nelle Zrike,police officer
102,Charissa Fairweather,developer
103,Ketti Grimbly,developer
104,Misha Valerio,firefighter
105,Glenda Natalia,worker
106,Doralynne Terrence,doctor
107,Gwyneth Posner,doctor
108,Carmencita Arley,doctor
109,Chloris Raychel,police officer
110,Allis Madox,police officer
111,Talya Noelyn,police officer
112,Marcelline Colbert,worker
113,Kaja Amasa,firefighter
114,Gianina Peonir,police officer
115,Marjie Tice,worker
116,Esmeralda Brady,worker
117,Juliane August,police officer
118,Kellen Juliet,developer
119,Carol-Jean Zamora,doctor
120,Elvira Othilia,developer
121,Tomasina Emmy,doctor
122,Hyacinthe Rugen,doctor
123,Chastity Kazimir,police officer
124,Bibby Burch,police officer
125,Inga Chem,developer
126,Jemie Ovid,developer
127,Ursulina Jehu,police officer
128,Pollyanna Carleen,firefighter
129,Maridel Dorine,developer
130,Lita Haymes,worker
131,Katuscha Papageno,developer
132,Pollyanna Marcellus,worker
133,Wendi Hylan,police officer
134,Trixi Thad,developer
135,Gilda Ummersen,firefighter
136,Gusty Emmy,doctor
137,Annice Capello,worker
138,Deedee Carbo,worker
139,Cristabel Ariella,worker
140,Hallie Hourigan,doctor
141,Ursulina Meli,doctor
142,Ana Martguerita,police officer
143,Valera Yusuk,doctor
144,Feliza Cristi,firefighter
145,Alex Blase,firefighter
146,Silvana Brieta,worker
147,Gwenneth Yuille,developer
148,Johna Rubie,police officer
149,Fina Bethany,doctor
150,Rori Docilla,developer
151,Susan Rebecka,doctor
152,Carmencita Faro,developer
153,Fred Christine,developer
154,Misha Seligman,developer
155,Ileana Koehler,developer
156,Madeleine Bethany,developer
157,Caritta Hylan,firefighter
158,Dorthy Clie,police officer
159,Deane Podvin,firefighter
160,Lynde Zina,firefighter
161,Brandise Poll,doctor
162,Elora Ade,doctor
163,Gale Haldas,developer
164,Fanny Lea,worker
165,Ashlee Tatianas,worker
166,Kassey Breed,developer
167,Vanessa Velick,police officer
168,Moyna Dunkin,doctor
169,Frank Ursulette,developer
170,Daune Middleton,developer
171,Shaylyn Odell,developer
172,Glynnis Fairweather,firefighter
173,Dagmar Strephon,doctor
174,Barbi Infield,firefighter
175,Joceline Artie,developer
176,Hallie Wenoa,police officer
177,Taffy Kinnard,police officer
178,Lenna Jillane,worker
179,Dorene Kinnard,developer
180,Cristabel Boycey,firefighter
181,Carlie Romelda,firefighter
182,Joelly Manolo,worker
183,Alyda Whittaker,developer
184,Merrie Lewes,firefighter
185,Tonia Ledah,firefighter
186,Lisette Masao,doctor
187,Shirlee Sawtelle,worker
188,Elsie Joli,police officer
189,Fred Lissi,police officer
190,Lanna Ulphia,firefighter
191,Jacenta Jethro,police officer
192,Lynde Ajay,developer
193,Tarra Adalbert,developer
194,Alisha Ursulette,firefighter
195,Gerianna Byrne,firefighter
196,Feliza Georas,worker
197,Harrietta Teddman,firefighter
198,Dyann Bury,worker
199,Gianina Malina,firefighter
200,Corry Glenden,developer
201,Karolina Howlyn,police officer
202,Sheree Leary,doctor
203,Minne Brunell,doctor
204,Fina Braun,police officer
205,Jaclyn Cristi,police officer
206,Taffy McNully,worker
207,Oralee Madelene,doctor
208,Nyssa Mintz,police officer
209,Sam Rossner,doctor
210,Ingrid Koziara,worker
211,Shaylyn Alexandr,developer
212,Mamie Odysseus,worker
213,Jordan Glenden,firefighter
214,Donnie Gino,firefighter
215,Emma Destinee,doctor
216,Joelly Daveta,developer
217,Sadie Amand,doctor
218,Brietta Yuille,worker
219,Maridel McGrody,developer
220,Jere Toor,firefighter
221,Dulce McNully,doctor
222,Felice Ummersen,developer
223,Elena Roumell,developer
224,Kelly Christine,doctor
225,Brietta Christal,worker
226,Louella Madaih,worker
227,Tilly Voletta,developer
228,Violet Mehalek,doctor
229,Pearline Eachern,police officer
230,Gwenneth Loeb,developer
231,Rhea Kunin,developer
232,Cissiee Rossner,developer
233,Marjie Jorgan,worker
234,Jerry Waite,police officer
235,Annice Rossner,firefighter
236,Sandie Mike,developer
237,Giustina Ries,doctor
238,Janeczka Nikaniki,developer
239,Carmela Olnee,doctor
240,Rozele Libna,developer
241,Bettine Barney,firefighter
242,Aeriela Jacobah,doctor
243,Lacie Kussell,worker
244,Mellicent Strephon,developer
245,Rebeca Elsinore,doctor
246,Micheline Gherardo,police officer
247,Sam Saint,doctor
248,Rani Thema,worker
249,Pollyanna Pyle,developer
250,Zondra Angelis,developer
251,Binny Junie,doctor
252,Jenilee Justinn,worker
253,Roberta Anyah,worker
254,Halette Pattin,police officer
255,Zia Shuler,worker
256,Liana Buckler,doctor
257,Annice Damarra,developer
258,Chloris Eiser,firefighter
259,Liana Judye,firefighter
260,Sybille Hertzfeld,worker
261,Krystle Drisko,worker
262,Christian Afton,police officer
263,Audrie Oriana,police officer
264,Meg Cherianne,worker
265,June Mandler,developer
266,Elvira Pettiford,developer
267,Kassey Elvyn,developer
268,Aigneis Flita,developer
269,Fredericka Concha,firefighter
270,Vanessa Jacobah,doctor
271,Netty Cutlerr,developer
272,Oona Dunkin,developer
273,Alejandra Diogenes,doctor
274,Jsandye Justinn,police officer
275,Norine Lasley,developer
276,Cristine Roarke,police officer
277,Bibby Adalbert,firefighter
278,Drucie Merna,police officer
279,Merle Bendick,worker
280,Jaclyn Carvey,doctor
281,Shannah Leifeste,developer
282,Sabina Bow,worker
283,Harmonia Alejoa,firefighter
284,Margalo Pettiford,firefighter
285,Deirdre Warthman,developer
286,Zaria Corabella,doctor
287,Fawne Lauraine,worker
288,Raina Behre,worker
289,Lucille Adlare,developer
290,Darlleen Sinegold,worker
291,Madelle Modie,firefighter
292,Darci Atcliffe,firefighter
293,Taffy Gladstone,police officer
294,Tybie Quinn,doctor
295,Lynnea Cyrie,developer
296,Alameda Helfand,firefighter
297,Kary Fulmer,doctor
298,Nickie Holtz,developer
299,Therine Sherfield,doctor
300,Nessie Dudley,doctor
301,Corry Peti,developer
302,Elora Allys,firefighter
303,Tatiania Jobi,developer
304,Eadie Roumell,worker
305,Dode Cavan,firefighter
306,Cassandra Posner,worker
307,Morganica Couture,doctor
308,Agathe Anestassia,worker
309,Wanda Bergman,firefighter
310,Kristina Woodberry,worker
311,Rhea Nedrud,police officer
312,Meghann Syd,developer
313,Jeanna Urias,worker
314,Adriana Eugenia,firefighter
315,Kary Pip,doctor
316,Sarette Yusuk,worker
317,Norine Lissi,police officer
318,Rosene Nisbet,worker
319,Alyssa Louanna,doctor
320,Kenna Kevon,police officer
321,Jsandye Fancie,worker
322,Emilia Maurine,developer
323,Georgina Noam,firefighter
324,Mathilda Grosz,police officer
325,Roberta Leopold,worker
326,Mathilda Monk,firefighter
327,Daphne Rocray,police officer
328,Marline Garlinda,police officer
329,Randa Anderea,doctor
330,Dorothy Louanna,worker
331,Ethel Phi,doctor
332,Eve Marcellus,doctor
333,Ofilia Weaks,doctor
334,Fina Raychel,doctor
335,Pearline Palocz,doctor
336,Romona Whiffen,doctor
337,Kara-Lynn Melleta,doctor
338,Aigneis Gregrory,developer
339,Andeee Tound,doctor
340,Florencia Madox,developer
341,Consuela Nester,doctor
342,Tina Voletta,doctor
343,Celisse Ezar,firefighter
344,Cathie Lane,firefighter
345,Carmencita Vanni,developer
346,Consuela Astra,firefighter
347,Mireielle Hourigan,worker
348,Zsa Zsa Dorothy,doctor
349,Dennie Bouchard,police officer
350,Lory Nisbet,firefighter
351,Jan Eugenia,developer
352,Dolli Brotherson,doctor
353,Ardeen Ashok,firefighter
354,Roz Paine,worker
355,Tabbatha Talia,firefighter
356,Emilia Henrie,doctor
357,Zondra LaRue,doctor
358,Jere Kaete,doctor
359,Suzette Suzetta,worker
360,Willetta Palocz,police officer
361,Glenda Peg,police officer
362,Juliane Carolin,police officer
363,Zsa Zsa Colyer,worker
364,Lonnie Katrine,firefighter
365,Latisha Ezar,developer
366,Correy Olympium,worker
367,Marline Marden,developer
368,Ingrid Meter,police officer
369,Bertine Riva,worker
370,Aurore Skell,developer
371,Renie Ricki,firefighter
372,Joy Sundin,developer
373,Renae Lynn,developer
374,Dode Mauer,police officer
375,Claresta Modie,doctor
376,Joane Edvard,police officer
377,Leeanne Frendel,worker
378,Jessy Erskine,worker
379,Yvonne Marisa,worker
380,Elmira Evvie,developer
381,Lanna Zachary,developer
382,Alameda Wesle,police officer
383,Gabriellia Joseph,police officer
384,Jsandye Radu,worker
385,Mariann Kenney,worker
386,Catrina Audly,doctor
387,Sissy Marisa,doctor
388,Emylee Even,developer
389,Nanete Pillsbury,firefighter
390,Nicoli Burkle,doctor
391,Ingrid Jenness,police officer
392,Edee Irmine,developer
393,Tina Drus,firefighter
394,Babita Prober,firefighter
395,Emilia Ephrem,developer
396,Annaliese Laurianne,firefighter
397,Lanae Garek,worker
398,Annora Iphlgenia,doctor
399,Trixi Therine,developer
400,Mahalia Lacombe,firefighter
401,Dari Lareena,developer
402,Ketti Telfer,doctor
403,Konstance Wadell,firefighter
404,Raquela Campball,worker
405,Amelia Henrie,firefighter
406,Mary Swanhildas,developer
407,Modestia Talia,developer
408,Almeta Tippets,worker
409,Florie Kiyoshi,developer
410,Kristina Rosalba,police officer
411,Janey Jaylene,police officer
412,Marylou Bebe,doctor
413,Rhea Randene,firefighter
414,Gertrud Madox,developer
415,Shaine Artie,worker
416,Elka Gregrory,developer
417,Drucie Bord,doctor
418,Amalie Glenden,developer
419,Amara Edmund,doctor
420,Marline Delila,worker
421,Anica Salvidor,firefighter
422,Andree Stover,police officer
423,Inga Alwin,worker
424,Dianemarie Autrey,firefighter
425,Raquela Brieta,worker
426,Lorie Erlandson,doctor
427,Ariela Celestine,worker
428,Lulita Roumell,worker
429,Ardenia Rossner,worker
430,Maisey Beniamino,worker
431,Claudina Leonard,doctor
432,Ruthe Telfer,firefighter
433,Amii Fitzsimmons,worker
434,Susette Irmine,developer
435,Kamilah Bendick,developer
436,Kayla Izaak,doctor
437,Leona Byrne,doctor
438,Nerta Ursulette,developer
439,Ardenia Adamsen,firefighter
440,Fayre Romelda,police officer
441,Hollie Wittie,developer
442,Barbara Lia,firefighter
443,Queenie Keily,police officer
444,Hyacinthe Hepsibah,worker
445,Marleah Suzetta,doctor
446,Brena Arathorn,worker
447,Hermione Toffic,doctor
448,Roxane Seessel,doctor
449,Aubrie Rossner,police officer
450,Basia Bord,developer
451,Dolli Erskine,firefighter
452,Ruthe Cutlerr,worker
453,Adelle Edvard,firefighter
454,Lenna Franza,firefighter
455,Mariele Krystle,firefighter
456,Kaia Rillings,firefighter
457,Liana Eliathas,police officer
458,Keelia Kenwood,doctor
459,Glynnis Toni,developer
460,Winny Gillan,worker
461,Lesly Trinetta,worker
462,Marnia Kevon,developer
463,Meg Delacourt,doctor
464,Gratia Shanley,police officer
465,Berget Eldrid,firefighter
466,Ezmeralda Stover,doctor
467,Wendi Jacqui,firefighter
468,Kellen Elvyn,doctor
469,Peri Halsey,doctor
470,Mallory Shelba,firefighter
471,Sibella Sandye,developer
472,Marnia Anis,firefighter
473,Sandie Andrel,worker
474,Henriette Dawkins,doctor
475,Chere Noman,firefighter
476,Brandise Ashely,worker
477,Raf Libna,firefighter
478,Demetris Swanhildas,developer
479,Hettie Hoenack,worker
480,Ruthe Henrie,firefighter
481,Karlee Zetta,doctor
482,Layla Wenda,police officer
483,Britte Rillings,police officer
484,Fayre Stacy,doctor
485,Olwen Eno,firefighter
486,Doralynne Publia,worker
487,Alleen Tjon,developer
488,Lesly Emanuel,police officer
489,Livvyy Grimbly,worker
490,Lindie Lanita,worker
491,Alyssa Raul,doctor
492,Gwyneth Gamaliel,doctor
493,Ellette Tjon,developer
494,Orsola Erb,developer
495,Jenda Bronk,developer
496,Shaylyn Terrence,police officer
497,Randa Croix,worker
498,Addia Susannah,worker
499,Misha Sisile,developer
500,Gui Yate,worker
501,Brietta Loeb,developer
502,Annaliese Llovera,doctor
503,Arabel Camden,firefighter
504,Mireielle Hessler,police officer
505,Nadine Delp,firefighter
506,Courtnay Rooney,firefighter
507,Alexine Pelagias,developer
508,Bill Bigner,firefighter
509,Anallese Grayce,worker
510,Beth Hieronymus,developer
511,Babita Cordi,police officer
512,Mady Talia,developer
513,Caryl Narton,worker
514,Kittie Bearnard,doctor
515,Antonietta Chick,police officer
516,Florie Adamsen,worker
517,Glynnis Goddard,firefighter
518,Edith Dorothy,worker
519,Olivette Sheng,developer
520,Barbara Baptlsta,firefighter
521,Alameda Carbo,developer
522,Kathi Tarrant,worker
523,Clementine Rheingold,developer
524,Marita Anderea,worker
525,Emilia Even,police officer
526,Averyl Morehouse,firefighter
527,Molli Graig,police officer
528,Anthia Holbrook,police officer
529,Carolina Granoff,police officer
530,Helena Colp,doctor
531,Leia Taam,doctor
532,Evita Erskine,police officer
533,Hermione Germann,firefighter
534,Alexine Maiah,developer
535,Fina Weinreb,police officer
536,Beatriz Lemuela,worker
537,Edee Pyle,doctor
538,Barbara Zamora,doctor
539,Maridel Vary,developer
540,Micheline Friede,firefighter
541,Kirbee Genna,firefighter
542,Fayre Kaete,worker
543,Rochette Fontana,developer
544,Celene Rugen,firefighter
545,Kittie Maiah,developer
546,Stephanie Septima,police officer
547,Catharine Dash,worker
548,Beatriz Connelly,doctor
549,Anallese Iphlgenia,firefighter
550,Alie Uund,developer
551,Lyssa Sherfield,developer
552,Shaylyn Gordon,doctor
553,Dianemarie Brotherson,firefighter
554,Sindee Silvan,developer
555,Tani Roscoe,doctor
556,Felice Fennessy,developer
557,Leontine Ax,police officer
558,Caressa Peg,developer
559,Eve Argus,worker
560,Shaylyn Noelyn,developer
561,Nannie Raul,developer
562,Blake Mitzi,worker
563,Laure Estella,developer
564,Isa Randene,police officer
565,Annora Peonir,firefighter
566,Harmonia Elvyn,police officer
567,Lenna Stav,firefighter
568,Jinny Means,worker
569,Starla Aloise,police officer
570,Sybille Faro,worker
571,Althea Fiann,firefighter
572,Goldie Delacourt,firefighter
573,Letizia Sophronia,worker
574,Evita Johnsson,police officer
575,Hannis Rocray,doctor
576,Peri Serilda,doctor
577,Lanna Kathie,police officer
578,Helena Eckblad,worker
579,Bernie Buckler,police officer
580,Lizzie Brodench,developer
581,Codie Tippets,firefighter
582,Danny Adrienne,doctor
583,Barbara Malina,police officer
584,Dacia Jeanne,worker
585,Edith Gwenore,police officer
586,Hannis Whiffen,police officer
587,Blake Faust,firefighter
588,Joane Audly,police officer
589,Marcelline Joachim,developer
590,Chloris Aldric,firefighter
591,Maridel Norrie,developer
592,Joelly Stilwell,firefighter
593,Ruthe Sheng,police officer
594,Brena Friede,police officer
595,Chloris Burkle,doctor
596,Antonietta Wesle,police officer
597,Beatriz Ries,developer
598,Teriann Center,firefighter
599,Malina Sallyann,worker
600,Melodie McGrody,doctor
601,Reeba Lowry,firefighter
602,Ardenia Jagir,doctor
603,Shell Velick,police officer
604,Edee Fredi,police officer
605,Hildegaard Heisel,firefighter
606,Linet Longfellow,doctor
607,Dacia Jacinda,doctor
608,Cacilie Dawkins,developer
609,Donnie Zitvaa,police officer
610,Briney Gino,developer
611,Ricky Ortrude,developer
612,Doralynne Esmaria,worker
613,Malina Rozanna,developer
614,Constance Etom,doctor
615,Tilly Argus,firefighter
616,Roz Heisel,police officer
617,Carilyn Louanna,worker
618,Vonny Rona,police officer
619,Nita Thilda,firefighter
620,Micheline Daveta,developer
621,Marleah Serilda,developer
622,Kittie Pyle,doctor
623,Helsa Dichy,firefighter
624,Willetta Wenoa,police officer
625,Gusella Cottle,doctor
626,Celisse Cherianne,worker
627,Genovera Pauly,police officer
628,Elise Michella,police officer
629,Tomasina Salvidor,police officer
630,Mariele Hanshaw,doctor
631,Carmela Noam,police officer
632,Lisette Shaver,doctor
633,Ida Joachim,firefighter
634,Marylou Adamsen,doctor
635,Jessy Drus,doctor
636,Linet Cristi,firefighter
637,Shaine Myrilla,doctor
638,Albertina Ricki,police officer
639,Viki Ranjiv,developer
640,Mureil Friede,firefighter
641,Britte Phaidra,worker
642,Aeriela Edee,worker
643,Dulce Ochs,police officer
644,Anthia MacIntosh,doctor
645,Roz Seagraves,developer
646,Ericka Cecile,police officer
647,Kara-Lynn Iaverne,police officer
648,Annecorinne Aaberg,doctor
649,Kary Dunkin,developer
650,Elvira Kamaria,firefighter
651,Louella Romelda,worker
652,Lauryn Allina,worker
653,Cacilie Kirstin,doctor
654,Pollyanna Frendel,worker
655,Netty Tomasina,police officer
656,Valeda Han,police officer
657,Ketti Gahl,firefighter
658,Yvonne Blisse,developer
659,Mureil Helfand,worker
660,Tiffie Sherrie,police officer
661,Augustine Norrie,worker
662,Phylis Imelida,worker
663,Rosene Nore,worker
664,Cindelyn Fry,worker
665,Annabela Katrine,worker
666,Rebeca Philipp,police officer
667,Alia Danby,worker
668,Orsola Honoria,doctor
669,Robinia Mehalek,developer
670,Heddie Odysseus,firefighter
671,Kellen Iaverne,worker
672,Deedee Daniele,doctor
673,Dyann Malanie,developer
674,Tilly Timon,doctor
675,Tatiania Bari,police officer
676,Brena Redmond,developer
677,Nanete Corrine,doctor
678,Harrietta Bohlin,developer
679,Nananne Zamora,police officer
680,Valli Kolnick,worker
681,Dode Orelee,worker
682,Ethel Odysseus,police officer
683,Perry Rese,worker
684,Sean Goddard,worker
685,Cristabel Gabrielli,doctor
686,Ellette Silvan,doctor
687,Sue Harriman,developer
688,Gilligan Radu,developer
689,Queenie Melan,worker
690,Di Tice,doctor
691,Shaine Selway,police officer
692,Joelly Loring,developer
693,Netty Justinn,firefighter
694,Ricky Desai,firefighter
695,Ernesta Tound,doctor
696,Alisha Christine,developer
697,Elena Mullane,firefighter
698,Vere Terencio,developer
699,Mamie Belanger,firefighter
700,Kristan Shuler,doctor
701,Raf Kiersten,doctor
702,Karly Darbie,developer
703,Dorothy Eldrid,police officer
704,Andeee Aida,doctor
705,Mignon Fulmer,police officer
706,Kelly Tarrant,developer
707,Chere Quinn,worker
708,Odessa Beebe,doctor
709,Corina Cecile,police officer
710,Andree Kenwood,developer
711,Robbi Kermit,developer
712,Angela Zeeba,doctor
713,Susette Decato,doctor
714,Ardeen Old,developer
715,Morganica Schonfeld,developer
716,Adele Pulsifer,developer
717,Raf Kare,developer
718,Monika Bow,doctor
719,Jolyn Bryna,police officer
720,Selma Cressida,police officer
721,Chickie Regan,doctor
722,Jaime Fax,doctor
723,Kimberley Kirbee,doctor
724,Georgetta Kenwood,doctor
725,Gerrie Sandye,police officer
726,Caritta Weitman,worker
727,Viki Whiffen,developer
728,Liana Macey,worker
729,Talya Konyn,developer
730,Elie Dichy,police officer
731,Vonny Viddah,police officer
732,Kenna Lymann,developer
733,Cindelyn Laverne,police officer
734,Shaylyn Eiser,worker
735,Nataline Edison,firefighter
736,Margarette Cherianne,police officer
737,Mignon Woodberry,worker
738,Wendi Mintz,firefighter
739,Caritta Hashim,worker
740,Georgetta Madox,firefighter
741,Renie Libna,police officer
742,Evita Chesna,developer
743,Aryn Billye,worker
744,Lindie Lewes,police officer
745,Cyndie Felecia,doctor
746,Courtnay Justinn,developer
747,Oona Radu,firefighter
748,Charissa Camden,worker
749,Lesly Wattenberg,firefighter
750,Sindee Duwalt,developer
751,Daune Haldas,police officer
752,Charissa Roche,doctor
753,Marika Fadiman,doctor
754,Catrina Valerio,doctor
755,Jaime Iphlgenia,police officer
756,Wilma Gaulin,worker
757,Zia Kronfeld,worker
758,Devina Cressida,doctor
759,Brooks Hedve,developer
760,Gianina Publia,developer
761,Teriann Dyche,doctor
762,Leia Richers,doctor
763,Cristine Dunkin,developer
764,Alleen Ciro,firefighter
765,Liana Romelda,police officer
766,Sadie Mozelle,worker
767,Bee Trace,doctor
768,Rivalee Bates,developer
769,Cristine Laurianne,worker
770,Elena Odysseus,firefighter
771,Ronna Delila,police officer
772,Georgetta Goode,firefighter
773,Caressa Nester,worker
774,Kary Millda,firefighter
775,Tilly Toni,developer
776,Blake Dalli,firefighter
777,Letizia Kinnard,worker
778,Marcelline Breed,worker
779,Kirbee Riva,firefighter
780,Deane Federica,developer
781,Adele Wesle,developer
782,Ruthe Oneida,police officer
783,Renie Kendrick,developer
784,Andeee Smitt,police officer
785,Kirbee Faust,doctor
786,Lulita Gilbertson,firefighter
787,Kristina Lynn,doctor
788,Augustine Lindemann,worker
789,Cristabel Jerold,doctor
790,Aubrie Cutlerr,doctor
791,Caritta LaRue,developer
792,Nataline Dowski,police officer
793,Cassondra Adore,developer
794,Kelly Terrence,doctor
795,Karina Burch,worker
796,Lauryn Newell,developer
797,Cassandra Friede,police officer
798,Minne Jarib,doctor
799,Chere Konyn,firefighter
800,Mariann Burnside,doctor
801,Meriel Chapland,police officer
802,Ketti Paton,doctor
803,Roz Mendez,firefighter
804,Shannah Georgy,police officer
805,Michaelina Linehan,firefighter
806,Kaja Harday,worker
807,Jobi Lymann,firefighter
808,Mary Naashom,firefighter
809,Lonnie Ajay,doctor
810,Ricky Wattenberg,worker
811,Melanie Jenness,police officer
812,Harrietta Elephus,firefighter
813,Marguerite Girardo,police officer
814,Gale Lattie,doctor
815,Fina Stefa,firefighter
816,Paola Simmonds,firefighter
817,Meg Lunsford,worker
818,Collen Hunfredo,doctor
819,Nannie Fabiola,police officer
820,Natka Anselmi,doctor
821,Debee Alejoa,developer
822,Steffane Silvan,worker
823,Antonietta Alfons,developer
824,Agnese Shama,developer
825,Mahalia Melony,doctor
826,Fred Nisbet,developer
827,Peri Chobot,firefighter
828,Sonni Alarise,doctor
829,Regina Ezar,worker
830,Sara-Ann Lia,doctor
831,Moyna Goode,firefighter
832,Hannis Cloris,police officer
833,Cam Oneida,doctor
834,Ardys Elvyn,police officer
835,Corry Winthorpe,worker
836,Maisey Camden,worker
837,Ana Dearborn,police officer
838,Laure Rugen,police officer
839,Nonnah Heidt,firefighter
840,Ida Cimbura,doctor
841,Beatriz Richers,worker
842,Wanda Heidt,worker
843,Dulcinea Hailee,police officer
844,Joceline Bivins,police officer
845,Elmira Zamora,doctor
846,Sandie Podvin,developer
847,Louella Linehan,police officer
848,Sheree Bach,police officer
849,Ariela Goldina,developer
850,Molli Thunell,firefighter
851,Zsa Zsa Martguerita,firefighter
852,Eolanda Nisbet,doctor
853,Marguerite Colleen,police officer
854,Cordi Berne,worker
855,Jsandye Milson,firefighter
856,Marsiella Eachern,police officer
857,Christian Lindemann,worker
858,Lenna Henebry,doctor
859,Rosabelle Aaberg,developer
860,Karolina Felizio,developer
861,Charmaine Bethany,firefighter
862,Jennica Gino,worker
863,Laurene Yorick,developer
864,Judy Ummersen,developer
865,Latisha Charmine,firefighter
866,Keelia Goth,firefighter
867,Mahalia Odysseus,worker
868,Emmey Matthew,developer
869,Kaia Nelsen,firefighter
870,Elbertina Jerold,firefighter
871,Lanna Ackerley,developer
872,Mahalia Rebecka,doctor
873,Dorene Hachmin,doctor
874,Jany Maples,police officer
875,Melisent Annice,developer
876,Dari Dosia,police officer
877,Wileen Wiener,developer
878,Concettina Korey,police officer
879,Cristine Iaverne,developer
880,Ann-Marie Kathie,firefighter
881,Therine Gualtiero,doctor
882,Stacey Seumas,developer
883,Vinita Meter,developer
884,Gui Catie,doctor
885,Lindie Screens,developer
886,Joelly Klotz,doctor
887,Demetris Garrison,doctor
888,Katuscha Teryn,worker
889,Orelia Linehan,firefighter
890,Bibby Ricarda,worker
891,Sybille Azeria,worker
892,Desirae Docilla,worker
893,Lonnie Belanger,worker
894,Clarice Buttaro,firefighter
895,Blondelle Carleen,police officer
896,Mignon Daveta,doctor
897,Judy Clywd,doctor
898,Mariann Bearnard,police officer
899,Veda Lorenz,firefighter
900,Daryl Wiener,developer
901,Carilyn Redmond,worker
902,Brooks Seligman,doctor
903,Brianna Carri,firefighter
904,Annabela Irmine,developer
905,Kerrin Destinee,developer
906,Tierney Joeann,firefighter
907,Hermione Morgun,firefighter
908,Doro Urania,worker
909,Mariele Baylor,firefighter
910,Claudina Tatianas,developer
911,Agathe Arley,worker
912,Magdalena Drisko,worker
913,Nickie Manolo,worker
914,Nerta Mayeda,worker
915,Dorothy Romelda,developer
916,Anica Palocz,firefighter
917,Vonny Huggins,doctor
918,Lizzie Kinnard,doctor
919,Feliza Ursulette,worker
920,Oralee Rese,developer
921,Arlina Rona,developer
922,Elka Rosalba,firefighter
923,Wanda Florina,police officer
924,Pierette Latini,worker
925,Marti Bivins,worker
926,Augustine Even,worker
927,Belinda Goddard,firefighter
928,Steffane Lacombe,firefighter
929,Christy Robertson,worker
930,Amara Capello,police officer
931,Leanna Rudolph,police officer
932,Brietta Fennessy,doctor
933,Allyce Sadowski,firefighter
934,Cassondra Secrest,doctor
935,Leona Charity,police officer
936,Ottilie Iaverne,doctor
937,Margette Arne,doctor
938,Merci Azeria,firefighter
939,Mara Phyllis,doctor
940,Ernesta Yuille,worker
941,Rayna Tristram,developer
942,Jenda Dosia,doctor
943,Elmira Rodmann,police officer
944,Bobinette Anyah,police officer
945,Katleen Chandler,firefighter
946,Binny Randene,developer
947,Damaris Holtz,doctor
948,Carol-Jean Cressida,firefighter
949,Felice Lia,worker
950,Fidelia McAdams,firefighter
951,Ermengarde Brackely,firefighter
952,Jessy Radu,worker
953,Raquela Adrienne,firefighter
954,Yvonne Delacourt,police officer
955,Nanete Angelis,doctor
956,Tori Grobe,developer
957,Deedee Thomasina,doctor
958,Helena Ethban,police officer
959,Emylee Suk,firefighter
960,Sherrie Ezar,police officer
961,Hyacinthe Ferino,police officer
962,Florencia Kaja,worker
963,Albertina Adalbert,developer
964,Fernande Berriman,police officer
965,Lynde Tound,worker
966,Ericka Anestassia,developer
967,Frances Braun,police officer
968,Dennie Telfer,worker
969,Evita MacIntosh,developer
970,Karena Henebry,police officer
971,Larine Sammons,doctor
972,Wanda Sallyann,worker
973,Eolanda Blake,doctor
974,Shell Berriman,firefighter
975,Merci Brittani,police officer
976,Cissiee Briney,firefighter
977,Marcelline Jorgan,doctor
978,Max Matthew,worker
979,Tatiania Clarissa,police officer
980,Nessie Hull,doctor
981,Ulrike Sandye,worker
982,Daune Philipp,police officer
983,Korrie Allare,firefighter
984,Gui Obed,doctor
985,Cassandra Candy,firefighter
986,Adelle Charmine,doctor
987,Bobbi Vittoria,doctor
988,Layla Fairweather,developer
989,Ashlee Darian,worker
990,Betta Dyche,developer
991,Angela Ioab,doctor
992,Vita Dom,doctor
993,Althea Lail,doctor
994,Tersina Sophronia,doctor
995,Vita Dudley,developer
996,Mahalia Daveta,doctor
997,Lesly Carbo,worker
998,Binny Ezar,worker
999,Alexine McAdams,firefighter
1000,Gretal Gombach,doctor
1001,Aimil Lowry,firefighter
1002,Madeleine MacIntosh,developer
1003,Caritta Robertson,developer
1004,Aimil Viddah,firefighter
1005,Ana Japeth,worker
1006,Raquela Bouchard,firefighter
1007,Patricia Pulsifer,firefighter
1008,Katuscha Deegan,doctor
1009,Rani Joachim,worker
1010,Robbi Felizio,police officer
1011,Mady Millda,worker
1012,Kore Carri,firefighter
1013,Joceline Cordi,doctor
1014,Brietta Fiann,firefighter
1015,Elvira Kaja,developer
1016,Oona Stephie,police officer
1017,Jordan Demitria,firefighter
1018,Lyssa Madaih,police officer
1019,Dagmar Felecia,developer
1020,Adelle Neva,worker
1021,Brooks Manolo,firefighter
1022,Ana Felecia,doctor
1023,Blinni Tomasina,firefighter
1024,Kamilah Schonfeld,developer
1025,Gratia Noman,developer
1026,Robbi Joeann,worker
1027,Bettine Pond,police officer
1028,Norine McClimans,doctor
1029,Rubie Tamar,police officer
1030,Kial Tamsky,doctor
1031,Hettie Gemini,firefighter
1032,Lily Bow,firefighter
1033,Valli Chapland,firefighter
1034,Gretal Couture,police officer
1035,Lisette Ciro,doctor
1036,Tabbatha Even,doctor
1037,Angela Egbert,firefighter
1038,Ayn Strephon,developer
1039,Marguerite Fulmer,police officer
1040,Noelle Screens,police officer
1041,Albertina Goldina,police officer
1042,Codie Thunell,developer
1043,Malina Woodberry,doctor
1044,Bobinette Vorster,worker
1045,Belinda Loeb,doctor
1046,Karolina Elvyn,doctor
1047,Rosaline Dreda,firefighter
1048,Raina Maryanne,firefighter
1049,Emilia Harned,developer
reg_no,Name,sem,clg,cgpa
ABC123,ganesh kumar,s8,ABC,9.8
